Politics1left,Age,Sex,Education,Religion,R-PBS,GCBS,PSEUDO,IAS-R-PBS,IAS-GCBS,IAS-PSEUDO,SIN-B
3,20,Male,University,Non-practicing religious,60,52,77,12,13,13,3
7,18,Female,Secundary,Agnostic,96,58,90,11,20,15,2
3,39,Female,University,Atheist,28,19,35,18,16,17,2
3,21,Female,University,Agnostic,27,30,35,12,23,20,2
4,19,Female,University,Non-practicing religious,86,69,90,19,9,7,3
4,20,Female,University,Non-practicing religious,51,42,66,16,16,17,3
1,24,Male,University,Non-practicing religious,38,49,72,10,10,10,4
2,28,Male,Pre-University,Atheist,32,44,68,10,11,11,2
4,21,Female,University,Agnostic,29,36,69,19,14,17,2
4,21,Male,Secundary,Agnostic,80,54,73,11,15,17,3
5,31,Male,University,Atheist,36,28,43,14,12,13,1
4,21,Male,University,Agnostic,30,38,37,16,16,16,3
3,19,Male,Secundary,Religious,98,50,82,11,11,15,3
2,19,Male,University,Non-practicing religious,83,65,91,16,11,11,1
1,26,Male,University,Atheist,95,57,81,11,11,11,1
3,36,Male,University,Non-practicing religious,109,68,93,14,13,12,3
3,32,Female,University,Atheist,34,15,45,15,18,16,1
5,21,Male,University,Atheist,26,23,36,17,19,16,3
4,50,Female,University,Atheist,29,36,40,16,11,20,2
4,24,Male,University,Agnostic,30,25,39,20,22,23,3
4,55,Female,University,Atheist,35,24,60,15,15,16,1
5,26,Male,University,Agnostic,56,32,62,15,13,8,3
7,21,Female,University,Religious,101,60,74,10,12,14,3
5,48,Female,University,Atheist,39,26,51,12,13,13,2
2,36,Male,University,Atheist,29,30,47,14,15,13,3
5,40,Male,Pre-University,Atheist,29,25,50,9,10,8,1
3,22,Male,Pre-University,Agnostic,32,73,85,7,10,10,3
10,37,Male,University,Atheist,27,30,53,15,15,15,2
2,41,Male,University,Atheist,29,24,47,13,12,11,3
3,22,Male,University,Atheist,36,38,58,12,15,11,1
4,38,Male,Pre-University,Agnostic,36,26,52,12,11,18,2
1,30,Male,University,Non-practicing religious,32,41,73,15,17,17,1
7,23,Male,University,Atheist,31,28,43,11,17,12,3
3,32,Male,University,Non-practicing religious,40,29,54,14,12,15,1
3,22,Female,University,Atheist,39,33,57,14,20,21,3
3,37,Male,University,Atheist,29,17,30,14,16,14,1
5,21,Female,Pre-University,Non-practicing religious,52,62,88,9,11,9,2
1,25,Male,University,Atheist,32,25,37,20,12,17,3
5,22,Male,Pre-University,Non-practicing religious,66,50,102,10,14,14,4
2,48,Male,Secundary,Atheist,65,66,92,11,17,11,1
4,21,Male,Pre-University,Atheist,118,69,103,14,16,11,1
3,41,Female,Secundary,Atheist,34,20,42,20,9,8,2
1,27,Male,University,Atheist,32,22,36,15,16,12,1
4,17,Male,Secundary,Atheist,35,24,40,14,22,23,2
4,16,Male,Pre-University,Atheist,34,24,46,16,14,17,4
5,39,Male,Pre-University,Atheist,31,28,38,9,10,10,1
1,16,Male,Pre-University,Atheist,82,52,79,18,18,10,1
4,18,Male,University,Atheist,39,39,60,19,21,22,2
5,26,Male,University,Atheist,32,41,56,16,15,16,2
1,35,Female,Secundary,Atheist,29,17,59,9,9,9,1
5,60,Male,University,Agnostic,28,17,46,12,13,12,2
4,23,Male,University,Agnostic,34,25,57,15,15,16,1
6,42,Male,University,Atheist,29,34,53,13,14,12,1
6,25,Male,Pre-University,Atheist,30,30,50,14,15,16,1
6,23,Male,University,Atheist,29,18,34,16,17,17,1
4,22,Male,University,Atheist,31,17,37,20,19,19,1
3,23,Male,University,Atheist,31,42,57,12,10,10,3
4,28,Male,University,Agnostic,56,35,70,12,14,12,2
4,26,Male,Secundary,Agnostic,48,47,62,17,17,19,2
3,19,Male,Secundary,Atheist,31,15,42,12,11,11,2
7,19,Female,Pre-University,Non-practicing religious,52,44,83,12,12,12,3
3,30,Female,University,Atheist,29,15,30,9,9,14,3
4,56,Male,Pre-University,Atheist,35,25,43,19,20,18,2
3,38,Male,University,Atheist,31,29,47,16,19,16,3
3,23,Male,University,Atheist,63,50,73,11,12,12,2
8,44,Male,University,Atheist,39,23,66,7,7,14,4
4,36,Male,Secundary,Atheist,35,29,42,14,14,16,2
3,25,Male,University,Agnostic,66,38,48,15,22,18,3
3,46,Male,Secundary,Atheist,35,15,36,9,9,9,3
3,37,Male,University,Atheist,31,22,51,24,24,24,2
3,43,Male,University,Atheist,28,17,42,15,18,14,3
4,27,Male,University,Atheist,33,42,71,17,17,17,3
3,27,Male,University,Atheist,26,23,33,17,15,15,1
3,23,Male,University,Atheist,38,54,70,11,19,20,3
3,38,Female,University,Atheist,40,23,53,15,10,14,1
4,37,Male,University,Atheist,33,18,43,20,20,20,1
3,43,Male,University,Atheist,27,23,47,18,11,11,2
4,46,Male,University,Agnostic,31,29,36,12,12,12,2
2,28,Female,Pre-University,Agnostic,40,51,57,17,20,18,2
5,26,Female,University,Agnostic,44,41,74,12,15,11,2
5,20,Male,University,Agnostic,37,26,55,14,17,14,1
9,23,Male,University,Atheist,33,41,53,14,15,14,4
3,29,Male,University,Atheist,30,23,41,14,14,14,2
3,18,Male,Pre-University,Atheist,38,51,55,15,22,21,2
2,42,Female,University,Atheist,40,28,53,12,14,11,2
2,39,Female,Pre-University,Atheist,29,33,66,11,12,12,2
4,41,Female,University,Agnostic,48,44,52,16,15,15,1
1,54,Male,University,Atheist,38,38,54,21,19,20,3
3,35,Male,University,Agnostic,33,27,47,19,19,19,3
2,20,Male,University,Atheist,31,31,38,22,21,18,3
3,46,Female,University,Non-practicing religious,40,28,39,18,18,18,2
3,23,Male,University,Atheist,31,33,38,17,18,18,2
2,33,Male,University,Atheist,35,17,36,13,17,15,4
4,45,Male,University,Atheist,32,20,43,15,19,18,2
2,31,Male,University,Atheist,41,20,55,12,10,15,1
2,38,Female,University,Agnostic,35,23,32,10,18,14,3
3,38,Male,Secundary,Atheist,38,23,37,12,14,11,2
4,43,Male,University,Atheist,38,49,59,14,13,10,2
4,38,Male,Secundary,Agnostic,36,23,65,9,12,14,1
3,41,Female,University,Atheist,29,22,38,24,15,23,4
3,26,Male,University,Atheist,35,21,33,12,13,14,3
2,23,Male,Pre-University,Agnostic,32,41,65,20,16,23,1
4,30,Male,Pre-University,Agnostic,31,39,70,18,18,18,3
4,25,Male,University,Atheist,32,23,48,11,16,12,2
4,33,Male,University,Agnostic,31,28,41,12,12,14,1
1,45,Female,University,Atheist,57,41,73,21,9,21,1
4,41,Male,University,Agnostic,32,25,41,18,11,13,2
3,56,Male,University,Agnostic,39,17,43,10,12,12,1
5,22,Female,University,Agnostic,49,56,93,13,15,14,3
8,36,Male,University,Non-practicing religious,54,27,51,15,13,14,3
4,32,Female,Pre-University,Religious,120,46,82,12,10,16,3
3,23,Female,Pre-University,Atheist,38,48,69,15,18,18,3
1,32,Male,University,Atheist,30,15,38,14,14,14,2
2,36,Male,University,Atheist,29,17,32,12,12,12,1
2,22,Male,Pre-University,Atheist,35,27,40,20,12,21,3
2,50,Female,University,Atheist,75,52,65,11,12,12,1
3,23,Male,University,Agnostic,29,34,47,24,22,22,1
2,48,Male,University,Atheist,30,20,36,17,16,12,2
5,33,Male,University,Agnostic,35,26,43,21,18,20,2
3,46,Male,University,Atheist,37,54,49,15,10,19,1
4,40,Male,University,Atheist,45,31,50,19,14,16,2
5,29,Female,University,Atheist,32,26,30,12,10,11,1
4,39,Male,University,Atheist,26,20,32,22,16,18,2
3,22,Male,University,Atheist,28,32,46,12,9,10,1
4,35,Female,University,Atheist,30,24,35,21,17,13,5
6,24,Male,Pre-University,Atheist,36,43,57,12,8,11,2
4,39,Male,Secundary,Atheist,32,19,38,15,14,13,2
5,22,Female,University,Atheist,38,20,41,13,12,12,1
3,23,Male,University,Atheist,38,48,77,16,12,11,4
3,48,Male,University,Atheist,35,28,60,13,12,13,1
3,37,Male,Secundary,Atheist,32,16,63,17,16,12,2
5,32,Male,University,Agnostic,36,26,58,9,8,6,2
3,34,Male,University,Atheist,34,24,36,13,14,13,2
3,52,Male,University,Atheist,27,18,51,13,14,12,2
5,31,Female,University,Atheist,37,48,51,15,19,16,2
3,46,Female,University,Atheist,33,35,60,13,14,15,3
1,35,Male,Pre-University,Atheist,32,39,53,10,13,16,2
5,26,Male,University,Religious,40,36,69,12,14,13,3
6,57,Male,University,Non-practicing religious,35,25,63,14,14,14,1
2,29,Male,University,Atheist,35,53,51,10,9,9,1
1,36,Female,University,Agnostic,78,55,75,18,17,15,2
6,40,Female,University,Non-practicing religious,101,51,83,12,12,8,1
10,25,Female,University,Atheist,31,18,41,12,16,15,2
2,47,Female,University,Agnostic,49,34,50,18,14,16,2
4,34,Male,University,Atheist,37,31,56,16,13,13,3
6,38,Female,Pre-University,Atheist,36,27,59,19,21,17,3
3,52,Male,University,Atheist,42,16,44,20,15,20,2
3,27,Female,University,Agnostic,38,31,48,22,19,19,4
8,31,Male,University,Atheist,44,44,51,7,12,11,4
4,38,Female,University,Atheist,30,21,38,15,17,19,3
4,55,Male,University,Atheist,28,25,46,15,16,16,1
3,29,Male,Pre-University,Atheist,38,35,52,13,13,13,2
4,28,Female,University,Non-practicing religious,32,48,55,16,18,14,2
5,21,Male,Pre-University,Agnostic,125,74,95,14,15,12,2
3,31,Male,University,Agnostic,41,21,59,12,17,13,2
1,30,Female,University,Atheist,40,32,58,21,20,18,2
6,25,Male,University,Religious,73,21,48,18,18,15,5
1,23,Male,University,Atheist,32,47,46,11,14,14,2
4,31,Female,University,Atheist,31,29,34,11,17,13,2
4,26,Male,Secundary,Agnostic,34,41,71,12,13,13,2
5,21,Male,Pre-University,Agnostic,85,56,95,17,13,17,3
3,33,Male,University,Non-practicing religious,48,28,35,11,13,13,1
1,24,Male,University,Atheist,36,27,52,16,11,7,4
4,27,Female,University,Religious,47,36,42,17,11,15,4
3,42,Male,University,Non-practicing religious,88,47,90,12,15,13,2
3,54,Male,University,Atheist,30,15,34,14,15,15,1
3,25,Male,University,Agnostic,45,57,81,16,12,12,2
7,38,Male,Pre-University,Agnostic,29,28,47,21,22,20,4
2,20,Male,University,Religious,104,55,83,16,12,14,3
3,18,Male,Pre-University,Agnostic,42,61,82,9,9,10,1
2,38,Female,University,Atheist,29,26,53,12,8,19,1
2,25,Male,University,Atheist,33,42,64,17,22,18,3
4,29,Female,University,Agnostic,38,19,54,17,16,16,2
8,20,Female,Pre-University,Non-practicing religious,98,67,89,11,13,12,3
3,27,Male,University,Atheist,57,63,81,10,8,8,3
8,17,Male,Pre-University,Atheist,28,28,50,23,22,23,3
4,33,Male,Pre-University,Non-practicing religious,95,62,96,16,14,16,4
5,29,Male,University,Atheist,30,36,45,15,9,17,2
6,24,Female,University,Agnostic,29,18,43,15,14,21,2
3,22,Male,University,Non-practicing religious,64,50,78,15,13,11,2
4,18,Male,University,Agnostic,40,35,87,13,13,10,3
3,28,Male,University,Atheist,39,32,47,17,19,14,3
6,38,Male,University,Agnostic,46,44,50,12,13,11,2
1,31,Male,Pre-University,Atheist,40,59,57,15,17,17,3
5,52,Male,University,Atheist,33,24,44,11,11,13,1
4,20,Male,Secundary,Atheist,37,22,63,11,11,14,4
5,20,Female,University,Non-practicing religious,92,45,88,13,14,15,2
1,58,Male,Pre-University,Atheist,29,15,42,12,12,12,2
1,19,Male,University,Agnostic,43,31,38,9,9,8,1
4,23,Male,Pre-University,Atheist,50,33,76,13,14,16,2
5,23,Male,University,Atheist,30,40,56,11,15,15,2
3,32,Male,University,Atheist,31,29,35,17,17,16,2
2,46,Male,University,Atheist,26,42,35,16,18,22,3
4,16,Male,Pre-University,Agnostic,64,51,80,23,19,19,3
2,42,Male,Pre-University,Atheist,33,24,51,14,13,12,1
3,30,Female,University,Atheist,40,44,64,15,17,20,1
3,48,Female,University,Agnostic,41,27,58,15,15,12,3
3,31,Male,University,Atheist,29,19,44,14,10,11,2
1,23,Female,University,Atheist,26,34,41,10,17,15,3
3,45,Female,University,Atheist,49,47,91,9,7,8,1
3,38,Female,University,Agnostic,76,24,76,11,11,11,1
4,61,Male,Pre-University,Atheist,32,27,68,15,15,15,1
1,53,Female,Secundary,Atheist,34,31,58,19,18,24,3
7,30,Male,University,Atheist,29,29,53,9,14,9,1
2,34,Female,Secundary,Agnostic,72,63,86,22,20,19,3
3,35,Female,University,Atheist,35,17,40,22,24,24,1
3,24,Male,University,Atheist,32,23,36,19,20,19,1
6,42,Male,University,Agnostic,30,25,49,16,21,20,2
10,29,Female,University,Non-practicing religious,88,48,90,9,8,9,1
2,40,Male,Secundary,Atheist,32,27,52,15,12,14,1
1,37,Female,University,Agnostic,61,39,80,13,12,11,1
6,61,Male,University,Atheist,33,16,34,10,12,11,3
5,21,Male,University,Atheist,42,31,43,14,12,17,1
4,54,Female,University,Agnostic,29,16,65,16,19,14,2
5,25,Female,University,Agnostic,29,40,67,16,14,14,3
4,38,Male,Pre-University,Atheist,28,24,48,11,12,9,2
3,18,Male,University,Agnostic,40,59,67,12,6,12,2
3,22,Male,Primary,Atheist,37,36,62,17,19,21,2
4,36,Male,University,Atheist,29,21,44,12,17,18,2
1,50,Male,Pre-University,Atheist,28,33,38,20,19,18,2
4,64,Male,University,Atheist,34,26,41,11,12,12,3
4,38,Female,University,Agnostic,35,40,94,17,13,14,2
3,51,Male,Pre-University,Atheist,36,25,44,16,17,16,3
1,21,Male,University,Atheist,32,65,74,10,9,10,2
3,21,Male,University,Agnostic,64,53,83,11,12,13,4
4,70,Male,Secundary,Atheist,38,52,75,11,12,12,2
3,30,Male,University,Religious,73,55,83,13,15,16,1
4,22,Male,University,Atheist,36,28,39,12,16,15,2
3,39,Female,University,Agnostic,85,45,69,15,13,14,3
8,23,Male,University,Atheist,32,16,33,15,14,14,1
2,48,Female,University,Religious,57,18,34,17,10,12,3
1,52,Female,University,Atheist,27,19,40,16,15,15,2
3,45,Male,University,Atheist,38,39,48,18,17,17,1
2,49,Female,University,Atheist,39,36,53,10,11,7,3
3,34,Male,University,Atheist,26,23,50,17,15,16,2
3,44,Male,University,Atheist,36,45,62,18,18,22,3
4,45,Male,University,Atheist,33,17,37,18,18,19,3
7,34,Male,University,Religious,39,16,39,15,15,15,1
1,28,Male,University,Atheist,30,33,44,19,18,19,2
4,40,Male,University,Atheist,36,28,54,10,13,16,2
3,49,Male,University,Agnostic,31,16,43,12,12,10,2
8,52,Male,Pre-University,Atheist,34,15,39,22,23,22,1
3,34,Male,University,Atheist,31,28,54,13,11,12,2
3,18,Male,University,Non-practicing religious,42,18,57,11,11,14,2
5,33,Male,University,Non-practicing religious,55,33,61,13,13,21,1
3,41,Female,Pre-University,Agnostic,42,24,50,11,11,13,2
4,39,Female,University,Agnostic,51,34,67,16,18,17,2
8,20,Male,Pre-University,Atheist,35,38,65,15,9,13,1
3,20,Male,University,Atheist,30,18,44,22,21,17,3
4,45,Male,University,Atheist,31,18,47,9,10,12,2
4,29,Female,Pre-University,Atheist,32,19,38,21,19,15,1
2,39,Female,University,Atheist,32,24,55,21,17,19,1
6,37,Male,University,Agnostic,34,22,38,19,16,17,1
3,36,Male,University,Agnostic,34,47,36,17,17,18,2
7,62,Male,Pre-University,Atheist,32,28,44,16,13,12,2
2,49,Male,University,Atheist,29,34,48,11,13,12,2
3,45,Male,Secundary,Atheist,33,29,46,19,13,12,1
1,42,Female,University,Atheist,32,48,56,19,15,12,2
9,49,Male,University,Non-practicing religious,53,60,58,20,20,18,5
3,47,Male,University,Agnostic,50,41,58,19,18,18,2
1,24,Male,Pre-University,Agnostic,33,32,56,16,12,17,5
4,38,Male,University,Agnostic,37,16,54,14,15,14,3
4,42,Male,University,Atheist,35,26,52,7,7,7,3
1,37,Male,University,Atheist,32,25,34,21,20,17,1
1,61,Male,Pre-University,Atheist,41,45,59,9,9,9,1
1,47,Male,University,Agnostic,35,33,50,9,9,9,1
2,38,Male,University,Atheist,35,24,46,13,14,12,3
3,34,Male,University,Atheist,42,46,76,17,9,10,1
3,28,Male,University,Atheist,31,23,41,13,16,17,4
5,38,Male,Pre-University,Atheist,29,19,60,17,14,15,2
1,33,Male,Pre-University,Atheist,55,43,70,12,9,10,2
10,37,Male,Pre-University,Agnostic,36,46,80,14,12,13,2
2,36,Male,University,Atheist,29,27,51,10,14,14,1
1,45,Male,University,Atheist,36,47,69,19,18,19,1
2,36,Female,University,Atheist,27,22,35,17,15,18,3
5,40,Male,University,Atheist,39,15,48,19,15,23,2
4,33,Male,Pre-University,Non-practicing religious,38,17,42,18,12,11,2
1,23,Male,Pre-University,Atheist,27,33,54,18,14,11,1
4,32,Male,University,Atheist,33,19,47,15,13,12,3
3,37,Male,University,Atheist,30,18,47,14,7,9,1
8,33,Male,University,Agnostic,46,28,67,11,8,11,1
7,43,Male,University,Agnostic,38,35,48,8,12,12,1
8,45,Male,University,Non-practicing religious,35,17,48,15,9,9,2
4,41,Male,University,Atheist,37,35,57,15,14,16,2
4,36,Male,University,Non-practicing religious,32,18,33,7,6,8,2
2,47,Male,University,Atheist,39,48,62,11,14,13,3
3,26,Male,University,Atheist,39,31,57,19,13,17,1
3,23,Male,University,Agnostic,32,17,44,10,13,15,3
3,23,Male,University,Agnostic,32,17,44,10,13,15,3
5,36,Male,University,Agnostic,35,39,61,12,16,11,2
3,40,Male,University,Atheist,36,48,70,15,12,12,1
3,34,Male,University,Atheist,31,16,39,9,13,15,3
7,64,Female,University,Non-practicing religious,49,31,72,14,8,6,2
2,26,Male,University,Atheist,34,17,51,15,15,15,1
3,38,Female,University,Atheist,37,23,58,19,19,19,2
2,26,Male,University,Atheist,34,17,51,15,15,15,1
4,21,Female,University,Agnostic,36,35,65,10,12,13,1
2,25,Male,University,Atheist,39,46,59,19,17,18,3
5,44,Male,University,Atheist,35,24,45,15,16,13,3
7,41,Female,University,Non-practicing religious,59,39,52,14,12,10,1
2,47,Male,University,Atheist,27,48,50,13,16,12,1
1,35,Female,University,Atheist,40,54,74,14,12,15,3
3,24,Male,Pre-University,Atheist,32,31,52,19,11,17,1
7,53,Male,University,Non-practicing religious,58,47,70,14,13,12,1
1,30,Male,University,Atheist,32,19,48,14,14,14,1
3,27,Male,University,Atheist,32,32,52,18,14,14,3
3,36,Male,University,Atheist,34,24,55,12,12,13,4
2,28,Male,University,Agnostic,36,36,50,11,13,13,2
2,31,Female,University,Agnostic,43,42,73,16,9,9,1
4,18,Male,Pre-University,Agnostic,34,21,55,10,9,8,2
6,43,Male,University,Agnostic,38,29,34,21,21,14,1
4,36,Female,University,Atheist,42,40,62,13,19,17,2
1,40,Female,Secundary,Agnostic,46,50,86,12,15,14,1
3,42,Male,University,Atheist,26,28,34,18,18,18,3
1,25,Female,University,Agnostic,41,26,43,17,21,21,5
3,55,Male,University,Atheist,30,17,33,16,16,17,3
1,24,Male,University,Atheist,40,53,56,9,8,9,3
2,48,Male,Pre-University,Agnostic,36,40,67,15,15,15,1
3,38,Male,University,Agnostic,35,38,66,10,12,10,1
4,40,Male,University,Atheist,29,20,35,20,21,21,1
3,43,Male,University,Atheist,30,18,46,16,13,14,3
6,20,Male,Pre-University,Agnostic,54,16,50,14,21,8,2
2,36,Male,University,Atheist,31,33,37,6,9,9,3
2,62,Female,University,Atheist,45,33,83,15,15,14,2
3,34,Male,University,Atheist,32,40,70,19,18,17,1
1,40,Female,University,Atheist,31,39,41,11,12,13,1
3,33,Male,University,Atheist,40,44,47,16,12,18,1
8,57,Male,University,Atheist,29,22,38,19,20,18,2
8,45,Male,University,Non-practicing religious,38,30,62,7,8,10,4
7,30,Male,University,Atheist,30,23,53,9,8,14,1
3,31,Female,Pre-University,Atheist,41,64,93,12,15,14,1
3,36,Female,University,Atheist,35,17,46,18,20,19,2
4,30,Male,University,Atheist,32,39,52,18,15,12,1
3,38,Male,University,Atheist,35,46,78,18,18,18,2
3,41,Female,University,Atheist,29,28,57,8,7,7,1
3,38,Male,University,Agnostic,32,32,55,16,20,15,2
6,39,Male,University,Atheist,30,15,42,16,16,16,2
10,30,Male,University,Agnostic,57,61,73,8,6,6,1
3,55,Female,University,Religious,48,15,78,8,12,9,4
3,45,Male,University,Atheist,41,26,53,11,9,8,2
5,25,Female,University,Non-practicing religious,49,27,36,17,18,18,2
2,22,Male,University,Atheist,58,49,71,20,19,19,1
5,48,Male,Pre-University,Atheist,36,15,51,14,16,12,4
3,42,Male,Pre-University,Atheist,37,46,59,15,18,22,2
1,31,Female,University,Atheist,35,23,76,14,11,17,2
7,49,Male,University,Religious,129,63,116,11,10,10,2
1,49,Male,University,Atheist,38,20,56,8,21,19,1
4,25,Female,University,Agnostic,32,15,38,13,13,13,2
3,45,Male,University,Atheist,29,17,42,14,12,13,1
3,37,Male,University,Atheist,33,16,52,14,13,12,1
6,26,Male,University,Atheist,41,21,58,10,7,10,2
1,32,Female,University,Atheist,28,20,43,21,23,21,1
7,40,Female,Pre-University,Atheist,32,36,52,9,12,13,3
3,53,Male,Pre-University,Atheist,32,53,41,23,23,24,2
1,48,Male,University,Atheist,32,30,39,21,24,24,4
2,23,Female,Pre-University,Atheist,37,50,59,22,20,23,1
6,36,Male,University,Agnostic,79,27,74,13,15,15,3
8,55,Male,University,Atheist,34,15,63,13,12,9,3
3,29,Male,University,Atheist,30,30,41,20,17,21,1
3,51,Male,University,Atheist,31,18,35,8,8,8,2
3,28,Male,University,Atheist,35,24,53,16,12,11,2
1,44,Female,University,Atheist,26,15,38,17,11,13,3
3,30,Female,University,Agnostic,68,27,54,8,11,16,3
5,36,Male,University,Atheist,35,28,39,18,19,19,1
4,39,Male,University,Atheist,33,20,36,9,10,9,1
3,46,Male,University,Atheist,32,42,44,13,9,14,1
4,24,Male,University,Atheist,28,27,56,15,9,12,2
4,40,Male,Secundary,Atheist,33,34,56,20,18,19,3
2,38,Male,University,Atheist,29,26,41,11,10,10,1
1,23,Female,Pre-University,Atheist,38,41,81,11,14,10,3
5,37,Male,University,Atheist,34,31,59,15,16,16,2
2,57,Male,University,Atheist,38,36,54,13,14,10,2
3,29,Male,University,Atheist,35,20,45,12,18,14,4
4,42,Female,University,Agnostic,64,30,65,17,10,18,2
7,46,Female,University,Non-practicing religious,78,26,46,20,22,22,3
6,56,Male,Primary,Agnostic,53,34,56,18,18,18,4
3,45,Male,University,Non-practicing religious,48,16,38,15,13,7,2
2,24,Male,University,Atheist,28,22,51,14,15,16,1
3,37,Female,Pre-University,Atheist,41,38,45,15,22,11,2
3,50,Male,University,Non-practicing religious,43,25,38,9,8,7,2
2,24,Female,University,Agnostic,48,49,73,18,18,18,3
2,25,Male,University,Atheist,31,15,36,17,19,17,1
4,37,Male,Pre-University,Atheist,35,49,50,16,9,10,1
3,44,Male,University,Non-practicing religious,49,31,68,21,20,21,2
3,30,Female,University,Atheist,33,21,57,11,10,10,1
3,29,Female,University,Atheist,28,29,50,21,17,18,3
3,23,Male,University,Atheist,26,15,43,11,16,16,1
2,20,Female,University,Atheist,29,53,37,24,22,21,1
6,44,Male,University,Atheist,31,22,54,17,16,19,2
1,21,Male,University,Atheist,34,15,36,10,16,18,1
2,40,Male,University,Atheist,32,39,56,11,12,18,3
2,52,Female,University,Atheist,34,15,49,17,21,22,1
2,52,Male,University,Atheist,34,47,58,12,12,12,2
4,48,Female,University,Atheist,37,43,55,18,19,19,3
2,61,Male,Secundary,Atheist,38,34,54,13,12,12,3
2,22,Male,University,Agnostic,46,44,62,9,10,10,1
4,29,Female,University,Atheist,63,33,52,16,23,19,1
1,19,Male,University,Atheist,44,16,44,21,24,18,3
2,35,Male,Pre-University,Atheist,38,17,40,10,6,6,1
6,41,Female,University,Non-practicing religious,48,23,41,22,14,10,2
2,18,Male,University,Atheist,37,19,57,9,6,13,5
7,55,Male,University,Non-practicing religious,59,51,72,21,18,21,3
4,44,Male,University,Atheist,33,22,35,11,11,13,1
2,41,Male,University,Atheist,31,30,44,17,17,20,2
3,53,Female,Pre-University,Atheist,30,23,44,10,18,9,2
4,16,Male,Pre-University,Religious,83,35,71,14,18,18,3
3,39,Male,Pre-University,Atheist,32,53,70,16,17,17,1
1,39,Male,University,Atheist,29,15,33,17,14,14,1
2,20,Male,University,Atheist,31,33,62,13,16,18,3
4,26,Male,University,Atheist,36,44,63,14,14,17,1
1,45,Male,Primary,Agnostic,26,43,68,9,10,10,1
3,29,Male,University,Atheist,42,29,57,17,18,19,2
4,99,Female,University,Atheist,120,44,94,14,14,14,1
2,31,Male,Pre-University,Atheist,34,20,40,18,20,20,2
3,22,Male,University,Agnostic,29,22,51,17,16,15,4
3,40,Female,University,Atheist,36,15,36,17,14,15,2
4,27,Male,University,Non-practicing religious,95,42,82,8,10,12,2
2,23,Male,University,Atheist,36,32,56,15,12,17,4
3,34,Male,University,Atheist,30,16,48,17,15,13,2
1,18,Male,Secundary,Atheist,32,26,63,14,18,18,2
7,40,Female,Secundary,Agnostic,61,31,67,14,14,13,1
8,40,Male,University,Religious,60,19,64,10,14,12,3
2,51,Female,University,Agnostic,55,38,76,15,13,11,3
4,52,Female,Pre-University,Non-practicing religious,91,59,65,10,10,11,2
2,23,Female,University,Religious,47,24,36,19,21,22,2
7,42,Male,University,Atheist,34,25,43,15,14,14,1
7,24,Female,University,Agnostic,92,66,101,6,17,14,1
3,48,Female,University,Atheist,29,24,42,11,9,10,2
2,40,Female,University,Atheist,31,27,45,11,11,11,1
4,40,Male,Pre-University,Atheist,32,25,43,22,24,21,2
2,42,Female,University,Atheist,32,25,53,13,11,12,2
3,24,Male,University,Atheist,35,31,71,15,15,14,3
2,43,Female,University,Atheist,29,16,32,21,21,21,3
3,38,Male,University,Religious,47,41,52,12,12,12,1
3,57,Male,University,Atheist,35,19,35,17,14,15,3
2,66,Male,University,Atheist,28,26,57,13,13,17,2
2,55,Female,Secundary,Atheist,35,38,48,23,21,20,3
3,31,Male,University,Atheist,30,16,35,13,13,17,1
3,32,Male,University,Atheist,35,20,43,12,13,12,1
5,37,Male,University,Agnostic,78,30,72,17,18,19,2
1,43,Male,University,Atheist,35,50,75,17,14,14,1
2,47,Male,University,Atheist,40,31,65,8,11,8,3
3,40,Female,University,Atheist,29,20,32,16,14,17,2
2,42,Male,Secundary,Atheist,29,31,54,17,10,14,1
2,16,Male,Pre-University,Non-practicing religious,92,48,71,16,13,6,4
3,35,Male,University,Atheist,33,17,53,10,10,10,2
5,27,Female,University,Agnostic,96,50,75,14,16,17,2
2,37,Female,University,Atheist,33,27,58,13,15,15,1
6,44,Male,Pre-University,Religious,63,24,44,10,13,10,1
1,24,Female,University,Atheist,26,21,32,20,21,18,3
5,39,Female,Primary,Atheist,74,71,92,10,10,9,1
6,26,Male,University,Non-practicing religious,41,18,52,14,13,14,1
4,36,Female,University,Atheist,33,20,44,18,12,13,1
3,28,Female,University,Atheist,40,35,62,15,13,17,3
3,36,Female,University,Non-practicing religious,34,37,59,19,15,12,2
2,37,Female,University,Atheist,35,41,52,10,15,9,2
2,41,Male,University,Atheist,35,22,51,14,14,12,1
6,34,Female,University,Religious,81,51,85,14,14,17,1
3,36,Female,University,Atheist,38,24,35,14,14,17,1
3,44,Male,University,Atheist,32,15,38,19,22,22,2
6,56,Male,University,Atheist,38,33,68,8,10,9,2
2,51,Male,Pre-University,Atheist,31,35,36,10,8,10,2
2,21,Male,University,Atheist,36,30,51,14,15,15,1
3,56,Male,Secundary,Agnostic,94,58,93,15,15,13,2
3,38,Male,University,Atheist,30,15,32,12,14,12,2
5,27,Male,University,Atheist,32,19,46,21,18,18,1
4,41,Male,University,Atheist,33,35,50,16,16,15,3
2,38,Female,Pre-University,Atheist,31,38,53,19,15,18,3
2,19,Female,University,Atheist,45,54,67,18,11,18,1
5,41,Female,University,Religious,49,22,39,14,20,15,3
4,38,Male,University,Agnostic,41,24,53,18,17,17,3
4,53,Male,University,Agnostic,48,49,70,14,12,14,2
3,36,Female,University,Atheist,29,38,47,21,21,21,3
5,38,Female,University,Non-practicing religious,40,21,53,16,15,17,4
3,33,Male,University,Atheist,34,25,56,16,17,16,2
3,29,Male,University,Atheist,36,33,44,12,15,14,1
3,54,Male,Pre-University,Atheist,54,30,72,16,15,15,2
5,43,Male,University,Agnostic,34,28,50,12,14,13,3
3,47,Female,University,Atheist,32,16,33,19,17,20,4
6,52,Female,University,Atheist,51,34,63,17,15,9,3
2,41,Female,Pre-University,Atheist,83,47,71,17,13,14,2
3,48,Female,University,Atheist,38,22,50,9,9,7,2
1,22,Female,University,Atheist,35,22,47,20,19,21,4
4,44,Male,University,Atheist,33,23,37,14,9,9,2
4,49,Male,University,Atheist,35,27,45,18,18,12,1
6,48,Male,University,Agnostic,35,37,60,14,12,11,2
3,50,Male,University,Atheist,38,40,49,16,13,16,2
6,52,Male,University,Agnostic,55,40,78,9,15,13,3
10,25,Male,University,Agnostic,35,39,61,15,14,14,3
4,27,Male,University,Atheist,38,24,42,16,17,16,2
3,37,Male,University,Atheist,31,15,37,8,8,9,2
1,24,Male,University,Atheist,31,34,39,16,15,12,1
6,20,Female,University,Atheist,32,16,46,23,24,24,2
4,47,Male,University,Atheist,32,17,37,13,13,14,1
2,37,Male,University,Agnostic,43,31,50,13,13,11,1
4,20,Female,University,Atheist,83,55,81,10,15,9,4
3,31,Female,University,Atheist,28,23,36,19,16,19,1
3,47,Male,University,Atheist,35,53,58,7,8,8,1
3,45,Male,University,Agnostic,54,36,70,16,15,15,2
2,24,Female,University,Atheist,30,23,47,18,16,15,3
3,50,Female,University,Agnostic,63,32,55,10,12,18,2
5,38,Male,University,Atheist,35,22,50,16,15,16,2
3,32,Male,University,Agnostic,63,32,43,19,15,15,2
2,43,Female,University,Atheist,29,39,43,18,16,16,2
3,21,Male,University,Atheist,32,37,52,17,17,17,3
3,24,Male,University,Atheist,36,27,38,17,14,15,2
1,24,Male,University,Atheist,32,56,42,18,19,19,2
6,48,Female,University,Non-practicing religious,53,46,69,13,15,15,3
2,22,Female,University,Atheist,32,17,59,13,12,10,4
4,45,Male,Secundary,Atheist,31,23,34,17,19,19,1
2,43,Male,University,Atheist,32,20,51,9,10,10,1
3,18,Female,University,Agnostic,40,62,91,8,14,15,1
3,38,Male,University,Agnostic,41,24,40,13,13,12,3
1,32,Female,University,Agnostic,50,45,54,20,18,21,3
6,60,Female,University,Agnostic,33,25,48,10,12,10,2
8,30,Female,University,Religious,56,33,90,11,6,11,1
5,21,Male,University,Agnostic,34,25,44,20,19,21,5
3,58,Male,Secundary,Agnostic,36,43,78,15,13,15,1
2,21,Male,University,Atheist,30,29,42,10,12,14,1
3,18,Female,University,Agnostic,48,23,65,10,17,16,3
4,23,Male,University,Agnostic,43,32,38,17,21,20,2
6,21,Female,University,Atheist,37,35,45,11,15,18,2
1,27,Female,University,Atheist,26,17,34,17,18,18,1
2,19,Female,University,Non-practicing religious,45,23,39,19,17,14,2
4,37,Female,University,Religious,67,27,61,13,12,10,2
6,27,Male,University,Agnostic,38,15,44,17,16,16,2
4,50,Male,University,Agnostic,61,48,69,18,17,18,1
4,64,Male,University,Atheist,40,24,59,8,10,10,2
3,23,Female,Pre-University,Atheist,33,36,41,23,12,14,4
1,45,Female,Pre-University,Atheist,38,21,64,15,17,10,1
3,24,Female,University,Agnostic,36,35,68,11,15,15,1
2,47,Male,Primary,Atheist,32,51,69,21,18,17,4
1,51,Male,University,Atheist,30,34,49,12,15,21,2
1,54,Female,University,Atheist,86,65,74,18,11,12,4
8,34,Female,Secundary,Atheist,32,18,67,15,10,14,1
3,62,Male,Pre-University,Atheist,29,18,54,16,19,22,1
3,44,Male,University,Atheist,38,19,42,23,21,20,2
1,49,Male,University,Agnostic,33,36,59,18,22,23,1
3,26,Male,University,Atheist,32,32,65,11,11,10,2
5,23,Female,University,Atheist,30,17,65,19,21,21,1
2,25,Male,University,Atheist,35,39,48,14,16,16,1
3,23,Female,University,Atheist,33,44,70,11,11,17,2
3,16,Male,Pre-University,Atheist,44,28,58,9,12,11,2
3,25,Female,University,Atheist,28,43,48,10,10,11,3
3,46,Female,University,Atheist,30,30,44,11,10,12,1
2,22,Female,University,Non-practicing religious,64,44,81,19,15,12,1
2,28,Female,University,Atheist,34,26,44,8,7,12,1
3,31,Male,University,Atheist,29,19,32,13,15,15,1
3,56,Male,University,Agnostic,34,38,55,20,16,15,2
3,21,Female,University,Religious,100,20,58,15,15,11,1
4,45,Male,University,Atheist,35,17,76,9,10,8,1
2,53,Female,University,Atheist,35,21,41,21,21,24,2
4,41,Male,University,Agnostic,36,30,53,9,10,11,1
3,37,Female,University,Atheist,30,51,48,14,15,15,1
1,23,Female,University,Atheist,28,27,40,20,22,23,2
4,47,Male,University,Non-practicing religious,49,28,55,21,17,20,3
5,33,Male,University,Atheist,32,35,39,14,11,11,1
2,20,Female,University,Atheist,36,28,54,15,9,20,3
4,56,Male,University,Atheist,29,33,66,15,16,16,3
4,41,Male,University,Non-practicing religious,43,41,55,19,20,16,3
3,32,Male,University,Atheist,33,38,63,13,14,14,2
3,45,Female,University,Atheist,33,52,60,16,13,12,1
1,41,Male,University,Atheist,31,23,40,14,17,18,1
2,63,Male,Pre-University,Atheist,29,24,58,20,16,19,1
4,38,Female,University,Atheist,33,19,39,21,22,21,3
5,32,Male,University,Atheist,32,31,47,7,12,11,1
2,33,Male,University,Atheist,41,32,38,21,14,18,1
3,43,Female,University,Agnostic,48,40,63,11,13,14,3
1,23,Male,University,Atheist,43,47,68,14,13,13,1
1,20,Male,University,Atheist,41,24,45,12,14,19,2
7,20,Male,University,Agnostic,37,16,37,8,8,9,1
6,53,Male,University,Religious,53,24,39,6,8,15,3
5,40,Male,University,Atheist,33,37,56,11,13,14,2
7,31,Male,University,Agnostic,34,27,67,18,17,17,1
5,31,Male,Secundary,Atheist,28,15,36,20,21,21,1
3,47,Female,University,Atheist,28,23,41,14,15,15,2
3,45,Female,University,Agnostic,31,15,35,16,21,18,3
7,22,Male,University,Agnostic,35,20,45,24,17,15,5
5,48,Female,University,Non-practicing religious,33,15,58,10,10,10,1
2,20,Male,University,Atheist,40,16,43,16,17,20,1
7,33,Male,University,Atheist,36,72,40,15,15,15,2
3,21,Male,University,Atheist,36,28,40,22,17,19,2
3,50,Male,Pre-University,Atheist,63,47,65,9,9,9,1
1,60,Male,Secundary,Agnostic,56,47,76,8,9,10,2
3,36,Male,University,Atheist,32,18,34,18,16,19,2
3,35,Female,University,Non-practicing religious,82,59,70,17,13,15,4
4,22,Female,University,Non-practicing religious,57,33,65,8,8,8,2
3,37,Female,University,Atheist,36,46,57,9,10,8,1
2,38,Female,University,Atheist,30,24,36,14,9,15,3
8,20,Male,University,Atheist,38,48,51,16,15,16,3
6,64,Male,University,Atheist,38,36,55,13,14,14,2
4,25,Male,University,Atheist,37,34,39,15,16,18,2
3,24,Female,University,Atheist,37,28,44,13,17,13,3
1,26,Female,University,Atheist,32,45,55,14,14,14,1
3,27,Female,University,Atheist,29,24,40,14,16,14,2
4,34,Male,University,Atheist,30,27,38,15,14,15,3
3,43,Female,University,Atheist,47,51,70,13,15,13,2
3,50,Male,University,Atheist,50,35,46,20,12,16,1
2,39,Male,Pre-University,Atheist,39,53,69,11,10,10,1
3,37,Male,Secundary,Atheist,32,16,47,14,17,17,2
2,22,Male,University,Atheist,42,31,41,17,18,18,2
7,46,Female,University,Religious,63,39,74,14,10,8,3
3,46,Male,University,Atheist,29,16,39,10,8,8,1
3,41,Female,Pre-University,Atheist,40,32,65,11,15,15,2
4,35,Male,University,Atheist,35,18,52,16,15,14,2
3,26,Male,University,Atheist,38,19,54,13,16,10,3
2,38,Female,University,Non-practicing religious,48,17,44,13,15,13,2
3,48,Male,University,Atheist,35,40,49,11,10,11,2
2,50,Female,University,Atheist,33,29,45,16,17,12,2
5,29,Male,University,Agnostic,47,26,46,17,16,8,1
8,31,Male,University,Atheist,37,19,74,19,17,15,1
3,34,Male,Secundary,Atheist,41,39,62,15,12,16,3
3,47,Female,University,Non-practicing religious,32,26,47,11,11,11,3
6,27,Female,Secundary,Atheist,46,44,50,18,22,20,2
1,24,Female,University,Agnostic,64,52,85,12,17,17,1
4,49,Male,University,Atheist,29,31,41,10,9,10,1
2,61,Female,Secundary,Agnostic,30,28,53,14,17,11,1
6,48,Male,Primary,Atheist,38,21,45,13,15,15,1
3,39,Female,University,Atheist,42,40,48,11,9,8,2
7,41,Male,University,Non-practicing religious,45,23,58,15,19,16,2
1,43,Female,University,Atheist,75,45,103,12,19,16,1
4,33,Male,University,Agnostic,32,34,58,15,15,16,2
1,25,Male,University,Atheist,40,47,52,16,12,10,4
3,39,Male,Pre-University,Agnostic,36,20,62,13,14,14,3
5,31,Female,University,Atheist,28,40,40,20,16,18,2
3,40,Male,University,Agnostic,42,32,44,11,11,11,3
3,39,Female,University,Atheist,47,40,63,14,15,16,1
1,31,Female,University,Atheist,28,25,48,7,11,8,1
5,53,Male,Pre-University,Atheist,38,35,53,13,12,13,3
2,21,Female,Pre-University,Atheist,30,33,49,17,18,17,2
3,19,Male,Pre-University,Atheist,46,48,56,15,13,16,2
3,33,Female,University,Agnostic,62,59,89,17,12,14,2
3,32,Male,University,Atheist,39,51,69,13,16,12,1
3,21,Female,University,Agnostic,60,41,70,18,13,21,1
1,45,Male,Pre-University,Atheist,32,35,71,13,15,15,1
1,45,Male,Pre-University,Atheist,32,35,71,13,15,15,1
3,50,Female,University,Atheist,29,27,40,16,14,14,1
2,20,Female,University,Agnostic,39,28,51,22,16,10,3
3,35,Female,University,Non-practicing religious,36,29,56,9,10,9,1
5,38,Female,University,Non-practicing religious,37,15,69,12,17,16,1
3,56,Male,University,Atheist,38,36,47,11,11,11,2
4,35,Male,University,Atheist,32,25,45,17,7,7,1
3,32,Male,University,Atheist,28,15,34,10,13,14,3
3,38,Female,University,Atheist,38,36,55,20,19,17,1
4,32,Male,University,Atheist,30,33,49,11,11,13,2
10,30,Female,University,Atheist,46,26,40,20,22,22,1
5,45,Female,University,Atheist,39,41,67,15,15,17,1
3,31,Male,Secundary,Agnostic,74,66,96,18,11,11,4
3,50,Female,University,Atheist,32,24,53,8,15,9,2
1,45,Male,University,Atheist,26,21,36,15,15,17,2
2,57,Male,Pre-University,Atheist,36,17,40,16,15,14,2
1,19,Female,Pre-University,Agnostic,79,45,76,9,10,15,2
2,57,Male,Pre-University,Atheist,36,17,40,16,15,14,2
4,42,Male,University,Atheist,38,17,43,15,14,12,1
2,44,Male,Pre-University,Atheist,28,30,48,18,21,23,1
1,44,Female,University,Atheist,34,29,54,18,16,16,1
3,30,Male,University,Atheist,38,26,40,12,12,12,2
5,46,Male,University,Non-practicing religious,98,53,84,10,10,10,1
3,31,Female,University,Non-practicing religious,44,36,64,16,15,20,2
4,24,Male,University,Non-practicing religious,45,36,53,14,18,17,4
3,49,Male,University,Atheist,35,24,38,19,17,17,1
1,33,Male,University,Atheist,38,50,60,20,21,18,1
3,40,Female,University,Atheist,72,52,79,11,11,15,2
7,35,Male,University,Non-practicing religious,68,30,82,7,7,7,1
6,53,Male,University,Non-practicing religious,32,45,74,11,12,16,1
2,34,Female,University,Agnostic,27,27,41,20,20,19,4
2,27,Male,University,Atheist,45,38,42,17,12,16,3
5,47,Female,University,Non-practicing religious,77,26,84,10,19,16,1
8,17,Male,Pre-University,Atheist,32,18,46,7,9,11,3
1,28,Female,University,Atheist,34,15,44,11,11,11,2
2,48,Male,Pre-University,Atheist,27,18,45,12,12,14,3
1,28,Male,University,Atheist,66,38,74,13,17,16,2
1,38,Male,University,Atheist,56,42,55,19,19,19,1
3,31,Female,University,Atheist,26,24,38,15,16,13,1
3,44,Female,University,Atheist,52,36,63,19,12,14,2
4,21,Male,University,Atheist,35,55,69,16,14,14,3
6,43,Male,University,Atheist,36,27,41,15,15,15,1
5,23,Male,University,Atheist,34,24,44,8,7,7,2
4,30,Male,Pre-University,Religious,63,24,73,14,11,12,2
3,37,Male,University,Atheist,37,29,42,14,14,18,4
4,22,Female,University,Religious,91,38,88,18,18,18,3
4,22,Female,University,Religious,91,38,88,18,18,18,3
4,22,Female,University,Religious,91,38,88,18,18,18,3
5,49,Male,University,Atheist,35,16,66,17,19,15,2
4,52,Male,University,Agnostic,44,21,52,20,23,18,3
4,35,Male,Pre-University,Agnostic,89,59,91,15,14,16,3
5,37,Female,University,Atheist,66,38,72,16,16,17,1
3,40,Female,University,Atheist,41,15,45,19,11,13,2
3,18,Female,Pre-University,Non-practicing religious,76,50,70,18,17,20,3
3,53,Male,Pre-University,Atheist,28,43,96,15,15,16,1
4,32,Female,Pre-University,Atheist,31,43,63,18,18,17,2
4,33,Male,University,Agnostic,39,39,59,12,14,14,3
4,41,Male,University,Non-practicing religious,60,51,72,14,15,14,2
6,50,Male,Pre-University,Agnostic,47,16,50,7,7,7,1
3,37,Male,Pre-University,Atheist,30,28,35,10,10,10,2
3,30,Female,University,Non-practicing religious,50,32,54,20,20,13,4
2,19,Male,University,Atheist,33,23,41,16,13,17,1
2,42,Male,Secundary,Atheist,35,44,56,12,11,11,2
3,20,Male,University,Atheist,32,23,37,17,14,15,3
4,37,Female,University,Agnostic,57,45,68,13,13,13,3
4,43,Male,University,Religious,83,23,74,10,12,13,2
7,36,Female,University,Atheist,32,15,38,9,9,8,3
1,45,Female,Secundary,Atheist,39,31,84,10,10,10,1
1,51,Male,University,Atheist,33,16,50,10,7,7,1
3,39,Male,Pre-University,Atheist,37,50,68,12,13,14,2
3,46,Female,Pre-University,Atheist,37,44,54,18,18,18,3
2,39,Female,University,Agnostic,52,43,79,12,15,14,3
7,22,Female,University,Non-practicing religious,118,60,91,10,14,14,4
5,24,Female,University,Non-practicing religious,71,49,77,15,9,10,3
2,37,Male,University,Atheist,29,30,48,16,16,18,2
1,24,Male,University,Atheist,39,43,47,21,21,21,1
2,63,Female,University,Atheist,35,21,47,18,17,17,1
8,29,Female,University,Religious,62,59,75,6,6,6,1
2,39,Male,University,Atheist,30,16,40,18,16,19,1
3,36,Male,University,Atheist,46,51,80,18,14,18,1
3,20,Male,University,Atheist,36,36,68,14,12,18,2
5,26,Female,University,Non-practicing religious,92,54,86,14,14,14,4
3,34,Male,University,Atheist,29,37,52,6,6,6,1
7,33,Male,University,Atheist,32,30,44,16,13,14,1
1,50,Female,University,Atheist,34,38,54,17,16,15,2
6,23,Female,University,Non-practicing religious,82,50,91,21,21,21,3
4,35,Male,University,Atheist,28,15,33,18,14,16,1
5,52,Male,University,Atheist,32,15,61,10,9,9,1
3,39,Male,University,Atheist,31,15,37,10,10,10,2
2,33,Female,University,Agnostic,32,21,51,17,18,18,3
3,32,Female,University,Non-practicing religious,31,53,52,13,17,18,3
1,20,Male,University,Agnostic,39,34,59,18,16,18,2
4,45,Male,University,Atheist,39,15,35,12,11,10,4
3,43,Male,Pre-University,Atheist,38,31,57,11,14,11,2
2,44,Male,Primary,Non-practicing religious,32,19,38,17,18,18,3
4,42,Female,Pre-University,Agnostic,38,34,73,19,19,19,2
4,52,Male,University,Agnostic,35,30,44,12,12,13,1
1,39,Female,University,Atheist,29,38,41,16,16,16,1
3,62,Male,Pre-University,Atheist,36,53,85,11,21,19,3
7,30,Female,University,Religious,95,28,112,8,15,12,5
3,37,Female,University,Atheist,37,54,71,16,9,16,2
4,23,Male,Pre-University,Atheist,50,28,55,18,15,19,3
2,40,Male,University,Atheist,39,50,66,13,11,15,2
4,26,Female,University,Atheist,71,43,61,22,23,23,3
1,33,Female,Pre-University,Atheist,35,58,72,10,16,17,1
1,34,Male,Pre-University,Atheist,36,44,67,20,19,18,3
3,34,Male,University,Atheist,35,17,40,18,17,17,2
3,52,Female,University,Atheist,27,19,46,19,21,18,2
9,44,Female,Pre-University,Non-practicing religious,44,55,82,14,16,15,2
3,38,Male,University,Atheist,35,19,42,12,12,13,3
2,19,Male,University,Agnostic,86,69,96,8,8,8,3
8,46,Male,University,Non-practicing religious,83,45,82,19,14,15,3
3,22,Male,University,Non-practicing religious,62,52,70,22,20,20,2
1,26,Male,University,Non-practicing religious,117,71,100,15,15,15,3
4,20,Male,Secundary,Atheist,32,47,82,10,12,13,4
8,18,Female,Secundary,Agnostic,74,52,85,17,10,13,3
10,43,Female,University,Non-practicing religious,115,59,100,12,13,11,3
5,24,Female,Pre-University,Agnostic,45,49,84,20,18,21,3
5,19,Female,University,Non-practicing religious,105,60,92,17,18,18,3
5,34,Male,University,Atheist,29,50,77,11,12,11,1
1,31,Male,Secundary,Atheist,33,17,53,17,16,15,1
1,31,Male,Secundary,Atheist,33,17,53,17,16,15,1
3,29,Male,University,Atheist,35,38,41,6,6,6,1
3,38,Female,University,Non-practicing religious,48,42,66,18,11,20,3
1,33,Male,Pre-University,Atheist,38,26,40,15,15,15,1
4,34,Male,University,Atheist,31,47,44,12,12,12,4
4,34,Female,University,Agnostic,49,49,77,13,17,17,3
4,34,Female,University,Agnostic,49,49,77,13,17,17,3
3,36,Male,Secundary,Atheist,29,19,52,22,24,24,5
2,39,Male,Pre-University,Atheist,29,37,54,16,17,14,3
4,39,Male,University,Atheist,29,27,50,16,15,15,1
3,45,Male,University,Atheist,29,40,41,13,12,14,3
1,44,Female,University,Agnostic,110,64,110,7,10,13,1
1,24,Male,University,Religious,120,54,100,16,13,14,4
3,22,Female,University,Agnostic,37,40,65,10,11,15,2
3,34,Male,University,Agnostic,29,21,38,18,18,17,1
3,19,Female,University,Atheist,71,45,79,10,12,13,3
5,21,Male,Pre-University,Religious,92,52,101,12,17,14,1
6,19,Female,University,Religious,145,42,108,13,14,18,5
5,23,Female,University,Religious,90,66,114,6,6,9,5
6,17,Male,Secundary,Religious,109,54,99,13,15,15,4
6,14,Female,Secundary,Non-practicing religious,109,58,97,17,17,15,3
5,19,Male,University,Atheist,124,63,111,9,14,11,2
6,21,Female,University,Non-practicing religious,110,61,99,9,11,10,4
8,23,Female,University,Non-practicing religious,101,53,99,15,14,16,3
3,37,Male,University,Atheist,30,20,57,15,16,17,2
6,21,Male,Pre-University,Non-practicing religious,94,73,95,17,21,21,4
1,28,Male,University,Non-practicing religious,67,75,122,11,12,12,4
5,21,Female,University,Religious,140,62,103,19,13,16,3
3,25,Male,University,Atheist,38,35,53,17,18,20,2
3,25,Female,University,Atheist,27,25,45,20,14,15,1
3,21,Male,Pre-University,Agnostic,40,38,76,12,16,16,2
4,23,Male,Pre-University,Agnostic,73,53,68,19,11,19,2
8,25,Male,University,Agnostic,66,55,101,12,9,9,2
7,47,Female,University,Religious,64,41,95,14,18,14,3
1,21,Female,University,Agnostic,41,47,49,19,19,19,3
5,31,Female,University,Agnostic,29,20,55,13,10,12,1
5,20,Female,Secundary,Religious,144,66,105,9,10,10,3
5,35,Female,Secundary,Agnostic,86,62,78,14,9,15,1
2,63,Female,Pre-University,Atheist,26,41,48,20,20,18,1
2,54,Male,Pre-University,Atheist,32,34,58,12,10,14,1
10,150,Female,Primary,Religious,176,75,126,15,15,15,5
3,52,Male,University,Atheist,35,19,42,15,15,11,2
2,23,Male,University,Atheist,35,44,76,14,8,12,2
6,28,Female,Secundary,Non-practicing religious,109,65,98,12,11,11,3
3,25,Female,University,Agnostic,30,21,57,18,15,17,2
6,26,Female,University,Agnostic,108,65,87,13,12,12,2
1,54,Male,University,Atheist,35,68,77,10,13,11,1
3,46,Male,University,Atheist,33,27,50,7,8,7,1
4,21,Male,University,Agnostic,30,43,80,12,12,12,4
1,47,Female,University,Non-practicing religious,84,39,73,13,12,13,3
3,53,Male,University,Agnostic,34,15,52,9,9,9,1
4,21,Female,University,Agnostic,36,27,58,14,14,15,3
4,39,Female,University,Non-practicing religious,71,43,76,9,9,9,2
3,36,Male,University,Atheist,39,26,47,16,15,15,4
4,28,Male,University,Agnostic,51,50,69,15,14,15,2
3,34,Female,University,Non-practicing religious,63,54,82,19,13,14,3
4,21,Female,University,Atheist,26,41,46,17,18,17,5
5,28,Female,University,Non-practicing religious,87,50,82,7,7,9,3
2,16,Female,University,Atheist,39,17,60,17,15,14,2
1,28,Female,University,Agnostic,49,51,82,9,10,9,4
3,39,Female,University,Agnostic,61,63,84,17,15,15,2
7,20,Male,University,Non-practicing religious,116,55,97,15,14,15,2
3,20,Female,University,Non-practicing religious,50,55,74,15,17,15,3
3,40,Female,University,Atheist,95,47,81,18,18,17,3
1,22,Male,University,Agnostic,75,25,83,14,15,13,1
3,47,Male,University,Atheist,33,39,44,16,15,20,1
2,37,Female,University,Atheist,32,30,46,24,24,24,4
5,37,Male,University,Agnostic,55,41,66,15,13,14,1
8,24,Male,University,Non-practicing religious,60,31,49,8,8,8,1
3,49,Female,University,Agnostic,40,24,80,9,8,8,1
4,27,Male,University,Atheist,37,30,39,18,19,20,2
3,34,Male,University,Agnostic,32,32,56,13,10,13,2
5,27,Male,University,Non-practicing religious,78,61,88,10,12,11,2
7,31,Male,University,Atheist,37,23,40,8,11,8,2
2,41,Female,University,Atheist,29,28,41,14,13,13,3
2,27,Male,University,Agnostic,41,56,81,18,16,15,3
1,21,Male,University,Atheist,32,49,64,19,16,16,1
4,26,Male,University,Religious,115,25,67,14,11,13,4
4,26,Male,University,Atheist,55,45,73,14,13,12,3
4,25,Male,University,Atheist,33,28,54,16,12,14,1
3,35,Male,University,Atheist,32,26,65,16,18,18,3
5,50,Male,University,Agnostic,45,38,70,10,14,14,2
5,40,Male,University,Agnostic,63,51,77,11,17,18,2
3,26,Male,Pre-University,Atheist,39,48,73,15,15,15,3
6,25,Male,University,Non-practicing religious,74,46,74,15,15,15,2
3,45,Male,University,Non-practicing religious,85,48,84,12,19,11,1
7,24,Male,University,Agnostic,82,61,98,13,11,12,3
5,37,Male,University,Agnostic,65,48,89,18,18,20,3
2,39,Male,University,Agnostic,36,36,32,16,10,8,2
3,40,Male,University,Non-practicing religious,44,31,61,13,13,13,2
3,25,Male,University,Agnostic,86,66,90,17,15,16,1
3,50,Male,University,Atheist,32,50,67,9,7,9,3
8,57,Female,University,Religious,53,23,76,21,20,15,3
3,31,Female,University,Non-practicing religious,45,31,54,21,21,17,2
1,46,Male,University,Atheist,27,50,46,15,16,16,4
5,37,Male,University,Atheist,37,38,83,9,10,10,2
2,15,Female,Secundary,Agnostic,45,28,69,12,7,15,1
7,57,Male,University,Non-practicing religious,95,52,95,13,13,12,1
4,30,Male,University,Non-practicing religious,91,57,64,22,19,12,2
6,17,Female,Pre-University,Agnostic,117,67,90,15,16,12,2
2,31,Female,University,Atheist,29,22,42,15,15,16,1
2,26,Female,University,Atheist,46,46,75,17,12,11,1
5,19,Female,Pre-University,Agnostic,102,62,102,11,15,15,3
3,21,Male,Pre-University,Agnostic,110,55,81,15,16,16,1
4,21,Female,University,Agnostic,100,64,76,17,20,20,4
3,21,Male,University,Agnostic,63,56,71,15,16,15,3
8,58,Female,University,Non-practicing religious,108,59,77,14,15,15,3
6,20,Female,University,Agnostic,93,48,73,18,15,11,5
2,25,Female,University,Atheist,36,31,71,15,16,16,1
1,53,Female,Pre-University,Atheist,43,57,75,12,12,10,1
2,27,Female,University,Agnostic,40,48,81,17,16,16,2
3,31,Female,University,Atheist,29,22,37,9,12,11,3
4,43,Male,University,Non-practicing religious,44,33,67,18,14,16,3
2,23,Male,University,Atheist,29,35,48,14,20,18,2
2,34,Male,University,Atheist,32,32,60,14,15,17,3
3,30,Male,University,Agnostic,32,37,43,15,15,16,3
2,25,Female,University,Agnostic,76,53,82,20,8,19,3
3,31,Male,Pre-University,Atheist,37,27,52,15,15,15,2
1,18,Male,University,Atheist,32,15,48,15,17,14,2
3,57,Male,University,Atheist,28,17,40,13,15,13,1
2,58,Male,Pre-University,Atheist,30,15,48,15,14,15,2
2,28,Male,Pre-University,Atheist,31,29,56,17,17,16,2
4,21,Male,University,Atheist,29,15,30,15,17,15,2
4,34,Male,Pre-University,Atheist,34,21,47,20,12,13,3
3,43,Male,University,Agnostic,26,24,59,16,8,15,2
4,40,Male,University,Atheist,38,41,67,11,13,13,1
5,26,Male,University,Atheist,28,48,72,13,15,16,2
5,42,Female,University,Agnostic,32,25,44,20,20,20,1
5,27,Male,University,Atheist,32,23,59,18,17,17,2
6,23,Male,University,Religious,115,46,90,15,14,14,4
9,55,Male,Secundary,Agnostic,44,36,67,11,15,12,3
6,30,Female,University,Religious,42,15,50,20,18,19,3
2,40,Male,Secundary,Atheist,33,61,71,16,20,15,2
3,56,Male,University,Non-practicing religious,49,48,76,13,11,12,2
2,20,Male,University,Atheist,36,23,55,10,10,8,2
2,27,Female,University,Agnostic,36,45,77,15,16,16,3
4,23,Female,University,Atheist,29,41,63,11,9,7,2
3,25,Female,University,Atheist,50,67,64,9,17,11,1
3,27,Male,University,Agnostic,72,43,74,11,12,11,4
2,21,Female,University,Atheist,38,17,42,22,11,24,1
2,66,Female,University,Atheist,32,46,65,15,10,13,3
3,59,Male,Pre-University,Atheist,85,50,70,18,18,17,2
3,39,Male,Secundary,Atheist,32,28,51,9,17,21,3
2,36,Male,University,Atheist,39,48,73,14,9,17,1
3,53,Male,University,Agnostic,37,38,53,8,9,9,2
3,34,Male,University,Atheist,38,27,52,17,17,17,1
2,45,Male,University,Atheist,31,21,44,14,13,15,1
3,52,Male,Secundary,Atheist,42,32,57,10,10,14,2
5,21,Female,University,Agnostic,43,36,71,19,11,16,1
1,22,Female,University,Atheist,32,44,69,13,12,12,1
5,35,Female,University,Religious,82,50,85,14,15,12,4
2,19,Male,University,Atheist,30,30,45,18,16,18,2
3,38,Male,Pre-University,Atheist,33,33,63,15,14,15,5
2,25,Male,University,Atheist,38,46,47,20,18,19,1
3,38,Female,University,Atheist,33,41,49,10,9,9,1
3,23,Male,University,Agnostic,46,28,54,18,19,19,3
5,25,Male,University,Non-practicing religious,63,18,46,14,14,14,3
3,23,Female,Pre-University,Atheist,41,48,50,11,13,13,2
3,19,Male,University,Atheist,35,17,42,14,17,15,1
5,43,Male,University,Atheist,32,35,54,11,13,10,1
3,57,Male,University,Non-practicing religious,36,48,75,15,13,15,2
1,25,Male,Pre-University,Atheist,35,18,39,16,16,17,1
3,56,Male,University,Atheist,28,27,44,11,9,7,2
2,26,Male,University,Atheist,30,31,36,19,19,17,2
8,40,Female,Secundary,Non-practicing religious,93,27,66,20,20,13,2
7,41,Male,University,Religious,68,36,76,17,13,12,1
3,50,Male,Pre-University,Atheist,46,38,54,11,15,17,2
4,61,Female,University,Non-practicing religious,36,31,71,14,15,12,3
7,39,Male,University,Atheist,28,18,57,12,11,9,1
1,22,Male,University,Atheist,40,44,58,17,17,23,2
1,44,Female,Pre-University,Atheist,32,21,56,10,11,12,1
1,23,Female,University,Non-practicing religious,32,40,58,18,16,16,4
3,55,Male,Secundary,Religious,41,19,43,14,13,12,2
2,37,Male,University,Non-practicing religious,66,55,62,21,14,17,3
3,23,Female,University,Atheist,36,19,55,17,20,17,2
3,42,Male,Secundary,Atheist,42,55,72,8,9,9,1
2,50,Male,Secundary,Religious,69,42,75,17,16,16,4
4,39,Female,University,Non-practicing religious,39,26,58,14,15,17,2
4,47,Male,University,Atheist,30,19,65,14,17,15,1
4,31,Female,University,Atheist,35,27,53,10,11,12,2
1,27,Male,University,Atheist,38,19,32,15,15,16,1
1,30,Male,University,Non-practicing religious,53,51,65,16,10,10,1
7,21,Male,University,Religious,81,35,66,13,14,12,4
1,26,Male,University,Atheist,34,45,63,10,14,13,2
2,58,Female,Secundary,Non-practicing religious,41,46,70,13,12,16,1
7,57,Male,University,Religious,56,15,42,15,16,15,5
3,44,Female,University,Agnostic,29,50,71,12,14,13,2
5,47,Female,University,Non-practicing religious,56,33,71,11,10,10,2
2,43,Female,University,Atheist,35,38,61,15,15,13,2
3,26,Female,University,Atheist,32,26,42,21,21,19,2
6,51,Male,University,Atheist,32,19,41,16,7,18,2
4,45,Female,University,Atheist,39,45,72,14,14,18,2
1,39,Female,University,Atheist,30,27,56,11,9,8,2
1,55,Female,Secundary,Atheist,26,20,54,13,15,15,2
2,33,Male,Secundary,Atheist,34,46,74,13,14,14,2
3,39,Female,University,Non-practicing religious,35,51,51,13,14,17,1
3,57,Female,University,Atheist,34,17,51,15,14,13,2
3,42,Female,University,Agnostic,47,54,91,11,11,11,1
2,44,Female,University,Agnostic,36,32,42,13,19,14,3
4,40,Male,University,Agnostic,50,45,66,13,18,13,3
3,57,Male,Pre-University,Atheist,39,24,60,11,12,11,2
5,24,Female,University,Atheist,31,29,59,18,20,15,1
4,55,Female,University,Agnostic,50,34,52,19,18,12,4
2,42,Female,University,Atheist,32,38,44,11,12,13,2
3,18,Female,Pre-University,Non-practicing religious,54,23,51,16,15,14,3
3,24,Male,University,Religious,51,32,59,11,15,17,1
3,24,Male,University,Religious,51,32,59,11,15,17,1
2,60,Female,University,Agnostic,29,22,34,17,19,17,2
2,43,Male,Secundary,Atheist,35,41,55,9,10,8,1
3,28,Female,University,Agnostic,67,51,60,22,21,21,3
7,51,Male,University,Atheist,29,23,48,13,15,12,1
2,26,Male,University,Atheist,50,37,62,9,17,9,3
3,26,Male,University,Atheist,31,24,50,13,12,12,2
4,61,Male,University,Agnostic,29,42,52,10,15,9,2
3,46,Female,University,Atheist,33,33,73,9,9,9,1
3,26,Male,University,Atheist,32,31,36,15,15,15,1
4,63,Male,University,Atheist,32,19,55,14,13,15,1
2,39,Male,University,Atheist,35,20,33,15,21,18,5
4,49,Male,University,Religious,60,22,44,9,9,13,2
3,39,Female,University,Agnostic,50,41,63,16,14,17,3
2,24,Male,University,Atheist,35,22,43,10,11,11,2
3,62,Female,University,Atheist,44,38,55,17,16,14,3
4,42,Female,University,Atheist,64,43,69,15,15,9,2
3,55,Male,University,Atheist,41,36,64,11,21,21,2
3,22,Male,University,Atheist,35,16,35,14,19,16,1
2,49,Male,University,Atheist,33,17,51,13,19,13,3
3,37,Male,University,Agnostic,31,22,54,17,10,16,3
1,29,Male,University,Atheist,35,38,41,9,9,9,1
3,22,Male,University,Non-practicing religious,51,40,58,8,6,9,3
3,67,Female,University,Agnostic,32,38,57,10,12,13,2
5,25,Male,University,Atheist,31,41,49,12,12,12,1
3,55,Male,Pre-University,Agnostic,59,38,68,14,13,13,3
3,35,Female,University,Agnostic,40,42,43,15,15,14,2
3,22,Male,University,Agnostic,35,37,61,12,11,7,3
5,21,Male,University,Agnostic,30,16,42,8,15,15,2
6,56,Female,University,Non-practicing religious,65,19,56,9,12,12,3
3,19,Male,University,Agnostic,33,21,56,17,15,14,2
5,59,Male,University,Non-practicing religious,70,51,82,14,18,17,3
2,54,Male,University,Atheist,32,23,45,13,12,12,1
2,32,Male,University,Atheist,29,19,41,18,18,20,2
3,26,Female,University,Atheist,37,53,50,22,16,21,1
6,49,Male,University,Agnostic,33,25,42,17,11,11,2
5,53,Male,University,Religious,35,17,56,23,23,24,1
1,44,Female,University,Atheist,33,52,73,23,16,17,3
6,43,Male,University,Non-practicing religious,45,20,52,13,13,15,3
2,24,Male,University,Atheist,35,19,53,15,15,13,1
3,46,Female,University,Atheist,35,23,46,16,17,18,2
2,44,Female,University,Non-practicing religious,39,21,77,22,18,19,3
1,30,Male,University,Atheist,35,51,47,14,14,7,1
3,37,Female,Pre-University,Atheist,34,28,67,8,9,9,3
2,58,Male,Secundary,Atheist,32,56,60,11,9,8,1
2,23,Male,University,Atheist,29,23,40,12,13,10,2
4,62,Male,University,Atheist,35,26,56,19,15,11,3
3,39,Male,University,Non-practicing religious,44,24,44,16,16,13,2
2,19,Female,University,Atheist,43,37,71,17,15,19,4
3,36,Male,University,Atheist,32,28,45,16,16,18,3
3,40,Male,University,Agnostic,75,45,85,10,15,11,2
4,41,Female,University,Atheist,36,30,49,20,18,18,3
1,42,Male,University,Atheist,41,44,60,13,12,12,2
3,20,Female,University,Atheist,39,52,46,19,19,17,2
3,25,Male,University,Agnostic,36,30,52,17,14,19,2
3,66,Male,University,Atheist,46,51,73,22,20,22,3
3,38,Female,Pre-University,Agnostic,97,52,61,12,12,12,3
6,73,Male,Primary,Agnostic,47,44,76,13,15,12,3
2,27,Male,University,Atheist,33,30,50,13,12,12,4
8,23,Male,University,Atheist,37,26,63,14,17,22,3
1,29,Male,University,Atheist,30,21,31,14,13,14,1
9,23,Female,University,Non-practicing religious,93,62,76,17,17,17,3
3,55,Male,University,Atheist,29,42,50,12,12,10,3
8,23,Male,Pre-University,Agnostic,51,28,59,11,10,11,1
8,21,Female,Pre-University,Agnostic,35,41,65,17,12,20,1
3,38,Male,University,Atheist,34,50,73,13,13,14,1
7,18,Male,Secundary,Agnostic,65,46,98,14,15,17,5
8,27,Female,University,Atheist,32,26,39,18,19,17,2
7,24,Male,Pre-University,Agnostic,64,43,70,14,8,13,3
8,25,Male,University,Atheist,31,30,39,17,14,14,3
4,22,Female,University,Non-practicing religious,36,18,65,19,17,19,2
7,19,Male,Pre-University,Religious,108,44,73,15,16,9,3
7,19,Male,Secundary,Agnostic,33,28,65,15,20,20,1
10,28,Female,University,Non-practicing religious,126,59,85,15,16,12,5
9,35,Male,University,Religious,119,65,90,7,8,8,4
10,25,Male,University,Non-practicing religious,56,23,58,6,6,6,5
4,21,Female,Secundary,Non-practicing religious,112,48,71,15,12,9,2
7,25,Female,University,Non-practicing religious,117,48,82,9,9,9,2
8,27,Male,University,Atheist,34,36,59,16,15,14,2
1,38,Female,University,Atheist,32,25,54,7,9,9,3
8,32,Male,University,Non-practicing religious,99,51,84,12,16,16,2
10,23,Female,Pre-University,Agnostic,49,44,84,20,13,17,4
6,22,Female,Pre-University,Atheist,38,31,60,6,6,6,3
8,21,Male,Pre-University,Agnostic,48,42,64,19,20,17,3
10,26,Male,Pre-University,Agnostic,35,17,59,10,12,11,3
2,38,Male,University,Agnostic,34,51,71,9,14,9,3
8,19,Male,Pre-University,Religious,62,33,79,15,13,13,2
7,24,Female,University,Agnostic,112,55,75,17,7,13,3
10,30,Female,University,Atheist,32,36,68,11,11,12,2
7,25,Female,University,Agnostic,72,37,64,18,17,17,4
8,22,Male,University,Non-practicing religious,107,58,89,10,10,10,3
8,31,Male,University,Agnostic,98,50,90,15,15,15,1
9,29,Male,University,Atheist,38,49,77,13,10,20,1
7,22,Male,Pre-University,Atheist,93,52,88,13,11,11,3
8,17,Female,University,Agnostic,53,33,69,9,9,9,2
8,35,Male,University,Agnostic,36,29,68,9,15,14,2
6,21,Female,University,Agnostic,99,34,58,21,20,22,3
7,23,Female,University,Non-practicing religious,84,41,82,9,16,11,4
7,25,Male,University,Agnostic,32,21,43,17,9,12,3
6,33,Male,University,Agnostic,38,30,39,17,19,18,1
8,28,Male,Pre-University,Non-practicing religious,81,55,94,10,7,13,3
4,33,Female,University,Atheist,41,16,47,16,19,18,2
7,24,Female,University,Atheist,39,24,51,12,17,18,1
2,25,Male,University,Atheist,30,29,46,12,18,9,1
10,21,Male,Pre-University,Agnostic,55,48,83,11,7,13,4
7,44,Male,University,Religious,37,25,70,21,18,18,2
2,34,Male,University,Atheist,35,25,48,14,15,15,1
7,19,Male,University,Religious,75,43,75,13,12,13,1
1,22,Female,Pre-University,Atheist,26,30,57,18,13,16,3
1,54,Male,University,Agnostic,55,41,84,16,15,17,2
1,26,Female,University,Atheist,97,54,83,19,18,17,3
4,46,Female,University,Agnostic,37,28,54,22,17,16,3
3,55,Male,University,Atheist,38,35,43,11,10,14,2
3,66,Female,University,Atheist,45,50,98,9,13,15,3
3,50,Female,University,Atheist,35,27,85,15,13,13,2
4,50,Female,University,Atheist,35,39,63,16,14,21,3
3,34,Male,University,Atheist,52,33,48,11,8,7,5
1,46,Male,University,Atheist,42,42,66,16,14,14,1
2,30,Male,Pre-University,Atheist,29,44,64,17,16,16,2
3,21,Female,University,Non-practicing religious,111,53,67,17,10,12,2
2,58,Female,Pre-University,Atheist,36,39,72,11,11,11,2
2,50,Male,University,Atheist,38,32,52,11,12,15,2
2,62,Male,University,Atheist,43,36,74,17,17,15,4
2,62,Female,University,Atheist,30,45,79,16,18,18,3
4,54,Female,Pre-University,Non-practicing religious,36,37,67,12,13,19,4
2,62,Female,University,Atheist,35,27,54,13,20,21,3
4,37,Female,Primary,Atheist,73,64,90,16,23,12,4
5,46,Male,Pre-University,Atheist,33,20,46,14,14,13,2
3,26,Female,University,Atheist,34,46,62,16,18,21,3
3,36,Male,University,Agnostic,40,34,61,19,13,18,2
1,25,Male,University,Atheist,38,43,61,21,11,9,5
3,51,Male,Pre-University,Non-practicing religious,43,36,72,13,13,13,2
7,29,Male,University,Atheist,37,44,62,16,11,9,2
3,46,Male,University,Atheist,35,39,44,11,13,13,4
2,31,Female,Pre-University,Atheist,33,18,62,12,14,18,1
